﻿<?xml version="1.0" encoding="utf-8"?>
<abapGit version="v1.0.0" serializer="LCL_OBJECT_CLAS" serializer_version="v1.0.0">
 <asx:abap xmlns:asx="http://www.sap.com/abapxml" version="1.0">
  <asx:values>
   <VSEOCLASS>
    <CLSNAME>ZCL_XCOMPONENT_FUNCTIONS</CLSNAME>
    <VERSION>1</VERSION>
    <LANGU>E</LANGU>
    <DESCRIPT>Cross-Component Functions</DESCRIPT>
    <EXPOSURE>2</EXPOSURE>
    <STATE>1</STATE>
    <CLSFINAL>X</CLSFINAL>
    <CLSCCINCL>X</CLSCCINCL>
    <FIXPT>X</FIXPT>
    <UNICODE>X</UNICODE>
   </VSEOCLASS>
   <DESCRIPTIONS>
    <SEOCOMPOTX>
     <CLSNAME>ZCL_XCOMPONENT_FUNCTIONS</CLSNAME>
     <CMPNAME>ADD_COMP_HEADER_TO_SALV_TOP</CMPNAME>
     <LANGU>E</LANGU>
     <DESCRIPT>Add Company Header for SALV Top of Page</DESCRIPT>
    </SEOCOMPOTX>
    <SEOCOMPOTX>
     <CLSNAME>ZCL_XCOMPONENT_FUNCTIONS</CLSNAME>
     <CMPNAME>CHECK_PARAM_VALUE</CMPNAME>
     <LANGU>E</LANGU>
     <DESCRIPT>Check Exist</DESCRIPT>
    </SEOCOMPOTX>
    <SEOCOMPOTX>
     <CLSNAME>ZCL_XCOMPONENT_FUNCTIONS</CLSNAME>
     <CMPNAME>GC_APPID_GENERAL</CMPNAME>
     <LANGU>E</LANGU>
     <DESCRIPT>Application ID</DESCRIPT>
    </SEOCOMPOTX>
    <SEOCOMPOTX>
     <CLSNAME>ZCL_XCOMPONENT_FUNCTIONS</CLSNAME>
     <CMPNAME>GC_MSGTYP_ABORT</CMPNAME>
     <LANGU>E</LANGU>
     <DESCRIPT>Message Type</DESCRIPT>
    </SEOCOMPOTX>
    <SEOCOMPOTX>
     <CLSNAME>ZCL_XCOMPONENT_FUNCTIONS</CLSNAME>
     <CMPNAME>GC_MSGTYP_ERROR</CMPNAME>
     <LANGU>E</LANGU>
     <DESCRIPT>Message Type</DESCRIPT>
    </SEOCOMPOTX>
    <SEOCOMPOTX>
     <CLSNAME>ZCL_XCOMPONENT_FUNCTIONS</CLSNAME>
     <CMPNAME>GC_MSGTYP_INFORMATION</CMPNAME>
     <LANGU>E</LANGU>
     <DESCRIPT>Message Type</DESCRIPT>
    </SEOCOMPOTX>
    <SEOCOMPOTX>
     <CLSNAME>ZCL_XCOMPONENT_FUNCTIONS</CLSNAME>
     <CMPNAME>GC_MSGTYP_SUCCESS</CMPNAME>
     <LANGU>E</LANGU>
     <DESCRIPT>Message Type</DESCRIPT>
    </SEOCOMPOTX>
    <SEOCOMPOTX>
     <CLSNAME>ZCL_XCOMPONENT_FUNCTIONS</CLSNAME>
     <CMPNAME>GC_OPTION_BT</CMPNAME>
     <LANGU>E</LANGU>
     <DESCRIPT>Version Number Component</DESCRIPT>
    </SEOCOMPOTX>
    <SEOCOMPOTX>
     <CLSNAME>ZCL_XCOMPONENT_FUNCTIONS</CLSNAME>
     <CMPNAME>GC_OPTION_EQ</CMPNAME>
     <LANGU>E</LANGU>
     <DESCRIPT>Version Number Component</DESCRIPT>
    </SEOCOMPOTX>
    <SEOCOMPOTX>
     <CLSNAME>ZCL_XCOMPONENT_FUNCTIONS</CLSNAME>
     <CMPNAME>GC_PARAM_BIR_FOOTER</CMPNAME>
     <LANGU>E</LANGU>
     <DESCRIPT>Parameter ID</DESCRIPT>
    </SEOCOMPOTX>
    <SEOCOMPOTX>
     <CLSNAME>ZCL_XCOMPONENT_FUNCTIONS</CLSNAME>
     <CMPNAME>GC_PARAM_COMP_HDR_OVERRIDE</CMPNAME>
     <LANGU>E</LANGU>
     <DESCRIPT>Parameter ID</DESCRIPT>
    </SEOCOMPOTX>
    <SEOCOMPOTX>
     <CLSNAME>ZCL_XCOMPONENT_FUNCTIONS</CLSNAME>
     <CMPNAME>GC_SIGN_I</CMPNAME>
     <LANGU>E</LANGU>
     <DESCRIPT>Single-Character Flag</DESCRIPT>
    </SEOCOMPOTX>
    <SEOCOMPOTX>
     <CLSNAME>ZCL_XCOMPONENT_FUNCTIONS</CLSNAME>
     <CMPNAME>GET_COMP_ADDRESS_TEXT_MODULE</CMPNAME>
     <LANGU>E</LANGU>
     <DESCRIPT>Get Company Address Text Module Name</DESCRIPT>
    </SEOCOMPOTX>
    <SEOCOMPOTX>
     <CLSNAME>ZCL_XCOMPONENT_FUNCTIONS</CLSNAME>
     <CMPNAME>GET_ENH_FUNCTION_NAME</CMPNAME>
     <LANGU>E</LANGU>
     <DESCRIPT>Returns Active Function Module for the Enh</DESCRIPT>
    </SEOCOMPOTX>
    <SEOCOMPOTX>
     <CLSNAME>ZCL_XCOMPONENT_FUNCTIONS</CLSNAME>
     <CMPNAME>GET_FORM_BIR_FOOTER_INPUT</CMPNAME>
     <LANGU>E</LANGU>
     <DESCRIPT>Get BIR Footer Input Structure for Forms</DESCRIPT>
    </SEOCOMPOTX>
    <SEOCOMPOTX>
     <CLSNAME>ZCL_XCOMPONENT_FUNCTIONS</CLSNAME>
     <CMPNAME>GET_LOGO_GRAPHIC_NAME</CMPNAME>
     <LANGU>E</LANGU>
     <DESCRIPT>Get Logo Graphic Name</DESCRIPT>
    </SEOCOMPOTX>
    <SEOCOMPOTX>
     <CLSNAME>ZCL_XCOMPONENT_FUNCTIONS</CLSNAME>
     <CMPNAME>GET_LOGO_URL</CMPNAME>
     <LANGU>E</LANGU>
     <DESCRIPT>Get Logo URL</DESCRIPT>
    </SEOCOMPOTX>
    <SEOCOMPOTX>
     <CLSNAME>ZCL_XCOMPONENT_FUNCTIONS</CLSNAME>
     <CMPNAME>GET_PARAMETER_RANGE</CMPNAME>
     <LANGU>E</LANGU>
     <DESCRIPT>Get Range of Application Parameter</DESCRIPT>
    </SEOCOMPOTX>
    <SEOCOMPOTX>
     <CLSNAME>ZCL_XCOMPONENT_FUNCTIONS</CLSNAME>
     <CMPNAME>SEND_EMAIL_HTM</CMPNAME>
     <LANGU>E</LANGU>
     <DESCRIPT>Email</DESCRIPT>
    </SEOCOMPOTX>
   </DESCRIPTIONS>
  </asx:values>
 </asx:abap>
</abapGit>
