﻿<?xml version="1.0" encoding="utf-8"?>
<abapGit version="v1.0.0" serializer="LCL_OBJECT_DTEL" serializer_version="v1.0.0">
 <asx:abap xmlns:asx="http://www.sap.com/abapxml" version="1.0">
  <asx:values>
   <DD04V>
    <ROLLNAME>ZDE_TEMPLATE_FM</ROLLNAME>
    <DDLANGUAGE>E</DDLANGUAGE>
    <DOMNAME>FUNCNAME</DOMNAME>
    <HEADLEN>11</HEADLEN>
    <SCRLEN1>08</SCRLEN1>
    <SCRLEN2>11</SCRLEN2>
    <SCRLEN3>11</SCRLEN3>
    <DDTEXT>Template Function Module</DDTEXT>
    <REPTEXT>Template FM</REPTEXT>
    <SCRTEXT_S>Template</SCRTEXT_S>
    <SCRTEXT_M>Template FM</SCRTEXT_M>
    <SCRTEXT_L>Template FM</SCRTEXT_L>
    <DTELMASTER>E</DTELMASTER>
    <REFKIND>D</REFKIND>
   </DD04V>
  </asx:values>
 </asx:abap>
</abapGit>
