﻿<?xml version="1.0" encoding="utf-8"?>
<abapGit version="v1.0.0" serializer="LCL_OBJECT_DTEL" serializer_version="v1.0.0">
 <asx:abap xmlns:asx="http://www.sap.com/abapxml" version="1.0">
  <asx:values>
   <DD04V>
    <ROLLNAME>ZDE_ISDEACTIVATED</ROLLNAME>
    <DDLANGUAGE>E</DDLANGUAGE>
    <DOMNAME>BOOLEAN_FLG</DOMNAME>
    <HEADLEN>11</HEADLEN>
    <SCRLEN1>07</SCRLEN1>
    <SCRLEN2>11</SCRLEN2>
    <SCRLEN3>11</SCRLEN3>
    <DDTEXT>Deactivation Ind</DDTEXT>
    <REPTEXT>Deactivated</REPTEXT>
    <SCRTEXT_S>Deactiv</SCRTEXT_S>
    <SCRTEXT_M>Deactivated</SCRTEXT_M>
    <SCRTEXT_L>Deactivated</SCRTEXT_L>
    <DTELMASTER>E</DTELMASTER>
    <REFKIND>D</REFKIND>
   </DD04V>
  </asx:values>
 </asx:abap>
</abapGit>
