﻿<?xml version="1.0" encoding="utf-8"?>
<abapGit version="v1.0.0" serializer="LCL_OBJECT_DOMA" serializer_version="v1.0.0">
 <asx:abap xmlns:asx="http://www.sap.com/abapxml" version="1.0">
  <asx:values>
   <DD01V>
    <DOMNAME>ZDO_APPLICATION_ID</DOMNAME>
    <DDLANGUAGE>E</DDLANGUAGE>
    <DATATYPE>CHAR</DATATYPE>
    <LENG>000015</LENG>
    <OUTPUTLEN>000015</OUTPUTLEN>
    <ENTITYTAB>ZXXT_PARAM_APP</ENTITYTAB>
    <DDTEXT>Application ID</DDTEXT>
   </DD01V>
  </asx:values>
 </asx:abap>
</abapGit>
