﻿<?xml version="1.0" encoding="utf-8"?>
<abapGit version="v1.0.0" serializer="LCL_OBJECT_TABL" serializer_version="v1.0.0">
 <asx:abap xmlns:asx="http://www.sap.com/abapxml" version="1.0">
  <asx:values>
   <DD02V>
    <TABNAME>ZXX_ST_ATTACHMENT</TABNAME>
    <DDLANGUAGE>E</DDLANGUAGE>
    <TABCLASS>INTTAB</TABCLASS>
    <DDTEXT>Attachment</DDTEXT>
    <EXCLASS>1</EXCLASS>
   </DD02V>
   <DD03P_TABLE>
    <DD03P>
     <TABNAME>ZXX_ST_ATTACHMENT</TABNAME>
     <FIELDNAME>SUBJECT</FIELDNAME>
     <POSITION>0001</POSITION>
     <ROLLNAME>SO_OBJ_DES</ROLLNAME>
     <ADMINFIELD>0</ADMINFIELD>
     <COMPTYPE>E</COMPTYPE>
    </DD03P>
    <DD03P>
     <TABNAME>ZXX_ST_ATTACHMENT</TABNAME>
     <FIELDNAME>CONTENT_TEXT</FIELDNAME>
     <POSITION>0002</POSITION>
     <ROLLNAME>SOLI_TAB</ROLLNAME>
     <ADMINFIELD>0</ADMINFIELD>
     <DATATYPE>TTYP</DATATYPE>
     <MASK>  TTYPL</MASK>
     <COMPTYPE>L</COMPTYPE>
    </DD03P>
    <DD03P>
     <TABNAME>ZXX_ST_ATTACHMENT</TABNAME>
     <FIELDNAME>CONTENT_HEX</FIELDNAME>
     <POSITION>0003</POSITION>
     <ROLLNAME>SOLIX_TAB</ROLLNAME>
     <ADMINFIELD>0</ADMINFIELD>
     <DATATYPE>TTYP</DATATYPE>
     <MASK>  TTYPL</MASK>
     <COMPTYPE>L</COMPTYPE>
    </DD03P>
    <DD03P>
     <TABNAME>ZXX_ST_ATTACHMENT</TABNAME>
     <FIELDNAME>EXTENSION</FIELDNAME>
     <POSITION>0004</POSITION>
     <ROLLNAME>SO_OBJ_TP</ROLLNAME>
     <ADMINFIELD>0</ADMINFIELD>
     <COMPTYPE>E</COMPTYPE>
    </DD03P>
    <DD03P>
     <TABNAME>ZXX_ST_ATTACHMENT</TABNAME>
     <FIELDNAME>FILENAME</FIELDNAME>
     <POSITION>0005</POSITION>
     <ROLLNAME>MIME_TEXT</ROLLNAME>
     <ADMINFIELD>0</ADMINFIELD>
     <COMPTYPE>E</COMPTYPE>
    </DD03P>
    <DD03P>
     <TABNAME>ZXX_ST_ATTACHMENT</TABNAME>
     <FIELDNAME>CONTENT_ID</FIELDNAME>
     <POSITION>0006</POSITION>
     <ROLLNAME>MIME_CNTID</ROLLNAME>
     <ADMINFIELD>0</ADMINFIELD>
     <COMPTYPE>E</COMPTYPE>
    </DD03P>
    <DD03P>
     <TABNAME>ZXX_ST_ATTACHMENT</TABNAME>
     <FIELDNAME>LENGTH</FIELDNAME>
     <POSITION>0007</POSITION>
     <ROLLNAME>SO_OBJ_LEN</ROLLNAME>
     <ADMINFIELD>0</ADMINFIELD>
     <COMPTYPE>E</COMPTYPE>
    </DD03P>
    <DD03P>
     <TABNAME>ZXX_ST_ATTACHMENT</TABNAME>
     <FIELDNAME>DESCRIPTION</FIELDNAME>
     <POSITION>0008</POSITION>
     <ROLLNAME>SO_OBJ_DES</ROLLNAME>
     <ADMINFIELD>0</ADMINFIELD>
     <COMPTYPE>E</COMPTYPE>
    </DD03P>
   </DD03P_TABLE>
  </asx:values>
 </asx:abap>
</abapGit>
