﻿<?xml version="1.0" encoding="utf-8"?>
<abapGit version="v1.0.0" serializer="LCL_OBJECT_TABL" serializer_version="v1.0.0">
 <asx:abap xmlns:asx="http://www.sap.com/abapxml" version="1.0">
  <asx:values>
   <DD02V>
    <TABNAME>ZXX_ST_RECIPIENT_LIST</TABNAME>
    <DDLANGUAGE>E</DDLANGUAGE>
    <TABCLASS>INTTAB</TABCLASS>
    <DDTEXT>Recipient List</DDTEXT>
    <EXCLASS>1</EXCLASS>
   </DD02V>
   <DD03P_TABLE>
    <DD03P>
     <TABNAME>ZXX_ST_RECIPIENT_LIST</TABNAME>
     <FIELDNAME>RECIPIENT</FIELDNAME>
     <POSITION>0001</POSITION>
     <ROLLNAME>SO_OBJ_NAM</ROLLNAME>
     <ADMINFIELD>0</ADMINFIELD>
     <COMPTYPE>E</COMPTYPE>
    </DD03P>
    <DD03P>
     <TABNAME>ZXX_ST_RECIPIENT_LIST</TABNAME>
     <FIELDNAME>EXPRESS</FIELDNAME>
     <POSITION>0002</POSITION>
     <ROLLNAME>OS_BOOLEAN</ROLLNAME>
     <ADMINFIELD>0</ADMINFIELD>
     <VALEXI>X</VALEXI>
     <SHLPORIGIN>F</SHLPORIGIN>
     <COMPTYPE>E</COMPTYPE>
    </DD03P>
    <DD03P>
     <TABNAME>ZXX_ST_RECIPIENT_LIST</TABNAME>
     <FIELDNAME>COPY</FIELDNAME>
     <POSITION>0003</POSITION>
     <ROLLNAME>OS_BOOLEAN</ROLLNAME>
     <ADMINFIELD>0</ADMINFIELD>
     <VALEXI>X</VALEXI>
     <SHLPORIGIN>F</SHLPORIGIN>
     <COMPTYPE>E</COMPTYPE>
    </DD03P>
    <DD03P>
     <TABNAME>ZXX_ST_RECIPIENT_LIST</TABNAME>
     <FIELDNAME>BLIND_COPY</FIELDNAME>
     <POSITION>0004</POSITION>
     <ROLLNAME>OS_BOOLEAN</ROLLNAME>
     <ADMINFIELD>0</ADMINFIELD>
     <VALEXI>X</VALEXI>
     <SHLPORIGIN>F</SHLPORIGIN>
     <COMPTYPE>E</COMPTYPE>
    </DD03P>
    <DD03P>
     <TABNAME>ZXX_ST_RECIPIENT_LIST</TABNAME>
     <FIELDNAME>NO_FORWARD</FIELDNAME>
     <POSITION>0005</POSITION>
     <ROLLNAME>OS_BOOLEAN</ROLLNAME>
     <ADMINFIELD>0</ADMINFIELD>
     <VALEXI>X</VALEXI>
     <SHLPORIGIN>F</SHLPORIGIN>
     <COMPTYPE>E</COMPTYPE>
    </DD03P>
   </DD03P_TABLE>
  </asx:values>
 </asx:abap>
</abapGit>
