﻿<?xml version="1.0" encoding="utf-8"?>
<abapGit version="v1.0.0" serializer="LCL_OBJECT_TABL" serializer_version="v1.0.0">
 <asx:abap xmlns:asx="http://www.sap.com/abapxml" version="1.0">
  <asx:values>
   <DD02V>
    <TABNAME>ZXXT_ENHPT_REPO</TABNAME>
    <DDLANGUAGE>E</DDLANGUAGE>
    <TABCLASS>TRANSP</TABCLASS>
    <CLIDEP>X</CLIDEP>
    <DDTEXT>Enhancement Point Repository</DDTEXT>
    <CONTFLAG>C</CONTFLAG>
    <EXCLASS>1</EXCLASS>
   </DD02V>
   <DD09L>
    <TABNAME>ZXXT_ENHPT_REPO</TABNAME>
    <AS4LOCAL>A</AS4LOCAL>
    <TABKAT>1</TABKAT>
    <TABART>APPL0</TABART>
    <PUFFERUNG>G</PUFFERUNG>
    <SCHFELDANZ>002</SCHFELDANZ>
    <BUFALLOW>X</BUFALLOW>
    <ROWORCOLST>C</ROWORCOLST>
   </DD09L>
   <DD03P_TABLE>
    <DD03P>
     <TABNAME>ZXXT_ENHPT_REPO</TABNAME>
     <FIELDNAME>MANDT</FIELDNAME>
     <POSITION>0001</POSITION>
     <KEYFLAG>X</KEYFLAG>
     <ROLLNAME>MANDT</ROLLNAME>
     <ADMINFIELD>0</ADMINFIELD>
     <NOTNULL>X</NOTNULL>
     <COMPTYPE>E</COMPTYPE>
    </DD03P>
    <DD03P>
     <TABNAME>ZXXT_ENHPT_REPO</TABNAME>
     <FIELDNAME>ENHPNT_ID</FIELDNAME>
     <POSITION>0002</POSITION>
     <KEYFLAG>X</KEYFLAG>
     <ROLLNAME>ZDE_ENHPNT_ID</ROLLNAME>
     <ADMINFIELD>0</ADMINFIELD>
     <NOTNULL>X</NOTNULL>
     <COMPTYPE>E</COMPTYPE>
    </DD03P>
    <DD03P>
     <TABNAME>ZXXT_ENHPT_REPO</TABNAME>
     <FIELDNAME>APP_ID</FIELDNAME>
     <POSITION>0003</POSITION>
     <KEYFLAG>X</KEYFLAG>
     <ROLLNAME>ZDE_APPLICATION_ID</ROLLNAME>
     <CHECKTABLE>ZXXT_PARAM_APP</CHECKTABLE>
     <ADMINFIELD>0</ADMINFIELD>
     <NOTNULL>X</NOTNULL>
     <SHLPORIGIN>P</SHLPORIGIN>
     <SHLPNAME>ZXX_SH_PARAM_APP</SHLPNAME>
     <SHLPFIELD>APP_ID</SHLPFIELD>
     <COMPTYPE>E</COMPTYPE>
    </DD03P>
    <DD03P>
     <TABNAME>ZXXT_ENHPT_REPO</TABNAME>
     <FIELDNAME>ZDESC</FIELDNAME>
     <POSITION>0004</POSITION>
     <ROLLNAME>ZDE_XDESC</ROLLNAME>
     <ADMINFIELD>0</ADMINFIELD>
     <COMPTYPE>E</COMPTYPE>
    </DD03P>
    <DD03P>
     <TABNAME>ZXXT_ENHPT_REPO</TABNAME>
     <FIELDNAME>FM_TEMPLATE</FIELDNAME>
     <POSITION>0005</POSITION>
     <ROLLNAME>ZDE_TEMPLATE_FM</ROLLNAME>
     <ADMINFIELD>0</ADMINFIELD>
     <COMPTYPE>E</COMPTYPE>
    </DD03P>
   </DD03P_TABLE>
   <DD05M_TABLE>
    <DD05M>
     <TABNAME>ZXXT_ENHPT_REPO</TABNAME>
     <FIELDNAME>APP_ID</FIELDNAME>
     <FORTABLE>ZXXT_ENHPT_REPO</FORTABLE>
     <FORKEY>MANDT</FORKEY>
     <CHECKTABLE>ZXXT_PARAM_APP</CHECKTABLE>
     <CHECKFIELD>MANDT</CHECKFIELD>
     <PRIMPOS>0001</PRIMPOS>
     <DOMNAME>MANDT</DOMNAME>
     <DATATYPE>CLNT</DATATYPE>
     <LENG>000003</LENG>
    </DD05M>
    <DD05M>
     <TABNAME>ZXXT_ENHPT_REPO</TABNAME>
     <FIELDNAME>APP_ID</FIELDNAME>
     <FORTABLE>ZXXT_ENHPT_REPO</FORTABLE>
     <FORKEY>APP_ID</FORKEY>
     <CHECKTABLE>ZXXT_PARAM_APP</CHECKTABLE>
     <CHECKFIELD>APP_ID</CHECKFIELD>
     <PRIMPOS>0002</PRIMPOS>
     <DOMNAME>ZDO_APPLICATION_ID</DOMNAME>
     <DATATYPE>CHAR</DATATYPE>
     <LENG>000015</LENG>
    </DD05M>
   </DD05M_TABLE>
   <DD08V_TABLE>
    <DD08V>
     <TABNAME>ZXXT_ENHPT_REPO</TABNAME>
     <FIELDNAME>APP_ID</FIELDNAME>
     <DDLANGUAGE>E</DDLANGUAGE>
     <CHECKTABLE>ZXXT_PARAM_APP</CHECKTABLE>
    </DD08V>
   </DD08V_TABLE>
  </asx:values>
 </asx:abap>
</abapGit>
