﻿<?xml version="1.0" encoding="utf-8"?>
<abapGit version="v1.0.0" serializer="LCL_OBJECT_TOBJ" serializer_version="v1.0.0">
 <asx:abap xmlns:asx="http://www.sap.com/abapxml" version="1.0">
  <asx:values>
   <OBJH>
    <OBJECTNAME>ZXXV_PARAMETERS</OBJECTNAME>
    <OBJECTTYPE>C</OBJECTTYPE>
    <CLIDEP>X</CLIDEP>
    <OBJCATEG>CUST</OBJCATEG>
    <OBJTRANSP>2</OBJTRANSP>
    <IMPORTABLE>3</IMPORTABLE>
   </OBJH>
   <OBJT>
    <LANGUAGE>E</LANGUAGE>
    <OBJECTNAME>ZXXV_PARAMETERS</OBJECTNAME>
    <OBJECTTYPE>C</OBJECTTYPE>
    <DDTEXT>Application Parameters</DDTEXT>
   </OBJT>
   <OBJS>
    <OBJS>
     <OBJECTNAME>ZXXV_PARAMETERS</OBJECTNAME>
     <OBJECTTYPE>C</OBJECTTYPE>
     <TABNAME>ZXXT_PARAM_APP</TABNAME>
     <DDIC>X</DDIC>
    </OBJS>
    <OBJS>
     <OBJECTNAME>ZXXV_PARAMETERS</OBJECTNAME>
     <OBJECTTYPE>C</OBJECTTYPE>
     <TABNAME>ZXXV_ENHPT_FCALL</TABNAME>
     <DDIC>X</DDIC>
    </OBJS>
    <OBJS>
     <OBJECTNAME>ZXXV_PARAMETERS</OBJECTNAME>
     <OBJECTTYPE>C</OBJECTTYPE>
     <TABNAME>ZXXV_ENHPT_REPO</TABNAME>
     <DDIC>X</DDIC>
    </OBJS>
    <OBJS>
     <OBJECTNAME>ZXXV_PARAMETERS</OBJECTNAME>
     <OBJECTTYPE>C</OBJECTTYPE>
     <TABNAME>ZXXV_ENHPT_TCODE</TABNAME>
     <DDIC>X</DDIC>
    </OBJS>
    <OBJS>
     <OBJECTNAME>ZXXV_PARAMETERS</OBJECTNAME>
     <OBJECTTYPE>C</OBJECTTYPE>
     <TABNAME>ZXXV_ENHPT_USERS</TABNAME>
     <DDIC>X</DDIC>
    </OBJS>
    <OBJS>
     <OBJECTNAME>ZXXV_PARAMETERS</OBJECTNAME>
     <OBJECTTYPE>C</OBJECTTYPE>
     <TABNAME>ZXXV_PARAM_NAMES</TABNAME>
     <DDIC>X</DDIC>
    </OBJS>
    <OBJS>
     <OBJECTNAME>ZXXV_PARAMETERS</OBJECTNAME>
     <OBJECTTYPE>C</OBJECTTYPE>
     <TABNAME>ZXXV_PARAM_VALUE</TABNAME>
     <DDIC>X</DDIC>
    </OBJS>
   </OBJS>
  </asx:values>
 </asx:abap>
</abapGit>
