﻿<?xml version="1.0" encoding="utf-8"?>
<abapGit version="v1.0.0" serializer="LCL_OBJECT_VIEW" serializer_version="v1.0.0">
 <asx:abap xmlns:asx="http://www.sap.com/abapxml" version="1.0">
  <asx:values>
   <DD25V>
    <VIEWNAME>ZXXV_ENHPT_REPO</VIEWNAME>
    <AS4LOCAL>A</AS4LOCAL>
    <DDLANGUAGE>E</DDLANGUAGE>
    <AGGTYPE>V</AGGTYPE>
    <ROOTTAB>ZXXT_ENHPT_REPO</ROOTTAB>
    <DDTEXT>Enhancement Point Repository</DDTEXT>
    <VIEWCLASS>C</VIEWCLASS>
    <CUSTOMAUTH>C</CUSTOMAUTH>
    <GLOBALFLAG>X</GLOBALFLAG>
   </DD25V>
   <DD26V_TABLE>
    <DD26V>
     <VIEWNAME>ZXXV_ENHPT_REPO</VIEWNAME>
     <TABNAME>ZXXT_ENHPT_REPO</TABNAME>
     <TABPOS>0001</TABPOS>
     <FORTABNAME>ZXXT_ENHPT_REPO</FORTABNAME>
    </DD26V>
    <DD26V>
     <VIEWNAME>ZXXV_ENHPT_REPO</VIEWNAME>
     <TABNAME>ZXXT_PARAM_APP</TABNAME>
     <TABPOS>0002</TABPOS>
     <FORTABNAME>ZXXT_ENHPT_REPO</FORTABNAME>
     <FORFIELD>APP_ID</FORFIELD>
     <FORDIR>E</FORDIR>
    </DD26V>
   </DD26V_TABLE>
   <DD27P_TABLE>
    <DD27P>
     <VIEWNAME>ZXXV_ENHPT_REPO</VIEWNAME>
     <OBJPOS>0001</OBJPOS>
     <DDLANGUAGE>E</DDLANGUAGE>
     <VIEWFIELD>MANDT</VIEWFIELD>
     <TABNAME>ZXXT_ENHPT_REPO</TABNAME>
     <FIELDNAME>MANDT</FIELDNAME>
     <KEYFLAG>X</KEYFLAG>
     <ROLLNAME>MANDT</ROLLNAME>
     <ROLLNAMEVI>MANDT</ROLLNAMEVI>
    </DD27P>
    <DD27P>
     <VIEWNAME>ZXXV_ENHPT_REPO</VIEWNAME>
     <OBJPOS>0002</OBJPOS>
     <DDLANGUAGE>E</DDLANGUAGE>
     <VIEWFIELD>ENHPNT_ID</VIEWFIELD>
     <TABNAME>ZXXT_ENHPT_REPO</TABNAME>
     <FIELDNAME>ENHPNT_ID</FIELDNAME>
     <KEYFLAG>X</KEYFLAG>
     <ROLLNAME>ZDE_ENHPNT_ID</ROLLNAME>
     <ROLLNAMEVI>ZDE_ENHPNT_ID</ROLLNAMEVI>
    </DD27P>
    <DD27P>
     <VIEWNAME>ZXXV_ENHPT_REPO</VIEWNAME>
     <OBJPOS>0003</OBJPOS>
     <DDLANGUAGE>E</DDLANGUAGE>
     <VIEWFIELD>APP_ID</VIEWFIELD>
     <TABNAME>ZXXT_ENHPT_REPO</TABNAME>
     <FIELDNAME>APP_ID</FIELDNAME>
     <KEYFLAG>X</KEYFLAG>
     <ROLLNAME>ZDE_APPLICATION_ID</ROLLNAME>
     <ROLLNAMEVI>ZDE_APPLICATION_ID</ROLLNAMEVI>
     <RDONLY>S</RDONLY>
     <CHECKTABLE>ZXXT_PARAM_APP</CHECKTABLE>
     <SHLPORIGIN>P</SHLPORIGIN>
     <SHLPNAME>ZXX_SH_PARAM_APP</SHLPNAME>
     <SHLPFIELD>APP_ID</SHLPFIELD>
    </DD27P>
    <DD27P>
     <VIEWNAME>ZXXV_ENHPT_REPO</VIEWNAME>
     <OBJPOS>0004</OBJPOS>
     <DDLANGUAGE>E</DDLANGUAGE>
     <VIEWFIELD>ZDESC</VIEWFIELD>
     <TABNAME>ZXXT_ENHPT_REPO</TABNAME>
     <FIELDNAME>ZDESC</FIELDNAME>
     <ROLLNAME>ZDE_XDESC</ROLLNAME>
     <ROLLNAMEVI>ZDE_XDESC</ROLLNAMEVI>
    </DD27P>
    <DD27P>
     <VIEWNAME>ZXXV_ENHPT_REPO</VIEWNAME>
     <OBJPOS>0005</OBJPOS>
     <DDLANGUAGE>E</DDLANGUAGE>
     <VIEWFIELD>FM_TEMPLATE</VIEWFIELD>
     <TABNAME>ZXXT_ENHPT_REPO</TABNAME>
     <FIELDNAME>FM_TEMPLATE</FIELDNAME>
     <ROLLNAME>ZDE_TEMPLATE_FM</ROLLNAME>
     <ROLLNAMEVI>ZDE_TEMPLATE_FM</ROLLNAMEVI>
    </DD27P>
   </DD27P_TABLE>
   <DD28J_TABLE>
    <DD28J>
     <VIEWNAME>ZXXV_ENHPT_REPO</VIEWNAME>
     <LTAB>ZXXT_PARAM_APP</LTAB>
     <LFIELD>MANDT</LFIELD>
     <OPERATOR>EQ</OPERATOR>
     <RTAB>ZXXT_ENHPT_REPO</RTAB>
     <RFIELD>MANDT</RFIELD>
     <SOURCE>F</SOURCE>
     <FRKTAB>ZXXT_ENHPT_REPO</FRKTAB>
     <FRKFIELD>APP_ID</FRKFIELD>
     <FRKDIR>E</FRKDIR>
    </DD28J>
    <DD28J>
     <VIEWNAME>ZXXV_ENHPT_REPO</VIEWNAME>
     <LTAB>ZXXT_PARAM_APP</LTAB>
     <LFIELD>APP_ID</LFIELD>
     <OPERATOR>EQ</OPERATOR>
     <RTAB>ZXXT_ENHPT_REPO</RTAB>
     <RFIELD>APP_ID</RFIELD>
     <SOURCE>F</SOURCE>
     <FRKTAB>ZXXT_ENHPT_REPO</FRKTAB>
     <FRKFIELD>APP_ID</FRKFIELD>
     <FRKDIR>E</FRKDIR>
    </DD28J>
   </DD28J_TABLE>
  </asx:values>
 </asx:abap>
</abapGit>
