﻿<?xml version="1.0" encoding="utf-8"?>
<abapGit version="v1.0.0" serializer="LCL_OBJECT_VCLS" serializer_version="v1.0.0">
 <asx:abap xmlns:asx="http://www.sap.com/abapxml" version="1.0">
  <asx:values>
   <VCLDIR>
    <VCLNAME>ZXXV_PARAMETERS</VCLNAME>
    <CHANGEDATE>2017-12-06</CHANGEDATE>
    <TEXT>Application Parameters</TEXT>
   </VCLDIR>
   <VLCSTRUC_TAB>
    <V_VCLSTRUC>
     <VCLNAME>ZXXV_PARAMETERS</VCLNAME>
     <OBJECT>ZXXT_PARAM_APP</OBJECT>
     <OBJECTTEXT>Application</OBJECTTEXT>
     <PREDOBJECT>ZXXT_PARAM_APP</PREDOBJECT>
     <DEPENDENCY>R</DEPENDENCY>
     <OBJPOS>01</OBJPOS>
     <OBJLEVEL>01</OBJLEVEL>
     <STARTOBJ>X</STARTOBJ>
    </V_VCLSTRUC>
    <V_VCLSTRUC>
     <VCLNAME>ZXXV_PARAMETERS</VCLNAME>
     <OBJECT>ZXXV_PARAM_NAMES</OBJECT>
     <OBJECTTEXT>Parameters</OBJECTTEXT>
     <PREDOBJECT>ZXXT_PARAM_APP</PREDOBJECT>
     <DEPENDENCY>S</DEPENDENCY>
     <OBJPOS>02</OBJPOS>
     <OBJLEVEL>02</OBJLEVEL>
    </V_VCLSTRUC>
    <V_VCLSTRUC>
     <VCLNAME>ZXXV_PARAMETERS</VCLNAME>
     <OBJECT>ZXXV_PARAM_VALUE</OBJECT>
     <OBJECTTEXT>Values</OBJECTTEXT>
     <PREDOBJECT>ZXXV_PARAM_NAMES</PREDOBJECT>
     <DEPENDENCY>S</DEPENDENCY>
     <OBJPOS>03</OBJPOS>
     <OBJLEVEL>03</OBJLEVEL>
    </V_VCLSTRUC>
    <V_VCLSTRUC>
     <VCLNAME>ZXXV_PARAMETERS</VCLNAME>
     <OBJECT>ZXXV_ENHPT_REPO</OBJECT>
     <OBJECTTEXT>Enhancement Point Repository</OBJECTTEXT>
     <PREDOBJECT>ZXXT_PARAM_APP</PREDOBJECT>
     <DEPENDENCY>S</DEPENDENCY>
     <OBJPOS>04</OBJPOS>
     <OBJLEVEL>02</OBJLEVEL>
    </V_VCLSTRUC>
    <V_VCLSTRUC>
     <VCLNAME>ZXXV_PARAMETERS</VCLNAME>
     <OBJECT>ZXXV_ENHPT_FCALL</OBJECT>
     <OBJECTTEXT>Function Call</OBJECTTEXT>
     <PREDOBJECT>ZXXV_ENHPT_REPO</PREDOBJECT>
     <DEPENDENCY>S</DEPENDENCY>
     <OBJPOS>05</OBJPOS>
     <OBJLEVEL>03</OBJLEVEL>
    </V_VCLSTRUC>
    <V_VCLSTRUC>
     <VCLNAME>ZXXV_PARAMETERS</VCLNAME>
     <OBJECT>ZXXV_ENHPT_TCODE</OBJECT>
     <OBJECTTEXT>Transaction Codes</OBJECTTEXT>
     <PREDOBJECT>ZXXV_ENHPT_FCALL</PREDOBJECT>
     <DEPENDENCY>S</DEPENDENCY>
     <OBJPOS>06</OBJPOS>
     <OBJLEVEL>04</OBJLEVEL>
    </V_VCLSTRUC>
    <V_VCLSTRUC>
     <VCLNAME>ZXXV_PARAMETERS</VCLNAME>
     <OBJECT>ZXXV_ENHPT_USERS</OBJECT>
     <OBJECTTEXT>Users</OBJECTTEXT>
     <PREDOBJECT>ZXXV_ENHPT_FCALL</PREDOBJECT>
     <DEPENDENCY>S</DEPENDENCY>
     <OBJPOS>07</OBJPOS>
     <OBJLEVEL>04</OBJLEVEL>
    </V_VCLSTRUC>
   </VLCSTRUC_TAB>
   <VCLSTRUDEP_TAB>
    <V_VCLSTDEP>
     <VCLNAME>ZXXV_PARAMETERS</VCLNAME>
     <OBJECT>ZXXT_PARAM_APP</OBJECT>
     <PREDOBJECT>ZXXT_PARAM_APP</PREDOBJECT>
    </V_VCLSTDEP>
    <V_VCLSTDEP>
     <VCLNAME>ZXXV_PARAMETERS</VCLNAME>
     <OBJECT>ZXXV_ENHPT_FCALL</OBJECT>
     <OBJFIELD>APP_ID</OBJFIELD>
     <PREDOBJECT>ZXXV_ENHPT_REPO</PREDOBJECT>
     <PREDFIELD>APP_ID</PREDFIELD>
    </V_VCLSTDEP>
    <V_VCLSTDEP>
     <VCLNAME>ZXXV_PARAMETERS</VCLNAME>
     <OBJECT>ZXXV_ENHPT_FCALL</OBJECT>
     <OBJFIELD>ENHPNT_ID</OBJFIELD>
     <PREDOBJECT>ZXXV_ENHPT_REPO</PREDOBJECT>
     <PREDFIELD>ENHPNT_ID</PREDFIELD>
    </V_VCLSTDEP>
    <V_VCLSTDEP>
     <VCLNAME>ZXXV_PARAMETERS</VCLNAME>
     <OBJECT>ZXXV_ENHPT_REPO</OBJECT>
     <OBJFIELD>APP_ID</OBJFIELD>
     <PREDOBJECT>ZXXT_PARAM_APP</PREDOBJECT>
     <PREDFIELD>APP_ID</PREDFIELD>
    </V_VCLSTDEP>
    <V_VCLSTDEP>
     <VCLNAME>ZXXV_PARAMETERS</VCLNAME>
     <OBJECT>ZXXV_ENHPT_TCODE</OBJECT>
     <OBJFIELD>APP_ID</OBJFIELD>
     <PREDOBJECT>ZXXV_ENHPT_FCALL</PREDOBJECT>
     <PREDFIELD>APP_ID</PREDFIELD>
    </V_VCLSTDEP>
    <V_VCLSTDEP>
     <VCLNAME>ZXXV_PARAMETERS</VCLNAME>
     <OBJECT>ZXXV_ENHPT_TCODE</OBJECT>
     <OBJFIELD>ENHPNT_ID</OBJFIELD>
     <PREDOBJECT>ZXXV_ENHPT_FCALL</PREDOBJECT>
     <PREDFIELD>ENHPNT_ID</PREDFIELD>
    </V_VCLSTDEP>
    <V_VCLSTDEP>
     <VCLNAME>ZXXV_PARAMETERS</VCLNAME>
     <OBJECT>ZXXV_ENHPT_TCODE</OBJECT>
     <OBJFIELD>ORG_UNIT</OBJFIELD>
     <PREDOBJECT>ZXXV_ENHPT_FCALL</PREDOBJECT>
     <PREDFIELD>ORG_UNIT</PREDFIELD>
    </V_VCLSTDEP>
    <V_VCLSTDEP>
     <VCLNAME>ZXXV_PARAMETERS</VCLNAME>
     <OBJECT>ZXXV_ENHPT_USERS</OBJECT>
     <OBJFIELD>APP_ID</OBJFIELD>
     <PREDOBJECT>ZXXV_ENHPT_FCALL</PREDOBJECT>
     <PREDFIELD>APP_ID</PREDFIELD>
    </V_VCLSTDEP>
    <V_VCLSTDEP>
     <VCLNAME>ZXXV_PARAMETERS</VCLNAME>
     <OBJECT>ZXXV_ENHPT_USERS</OBJECT>
     <OBJFIELD>ENHPNT_ID</OBJFIELD>
     <PREDOBJECT>ZXXV_ENHPT_FCALL</PREDOBJECT>
     <PREDFIELD>ENHPNT_ID</PREDFIELD>
    </V_VCLSTDEP>
    <V_VCLSTDEP>
     <VCLNAME>ZXXV_PARAMETERS</VCLNAME>
     <OBJECT>ZXXV_ENHPT_USERS</OBJECT>
     <OBJFIELD>ORG_UNIT</OBJFIELD>
     <PREDOBJECT>ZXXV_ENHPT_FCALL</PREDOBJECT>
     <PREDFIELD>ORG_UNIT</PREDFIELD>
    </V_VCLSTDEP>
    <V_VCLSTDEP>
     <VCLNAME>ZXXV_PARAMETERS</VCLNAME>
     <OBJECT>ZXXV_PARAM_NAMES</OBJECT>
     <OBJFIELD>APP_ID</OBJFIELD>
     <PREDOBJECT>ZXXT_PARAM_APP</PREDOBJECT>
     <PREDFIELD>APP_ID</PREDFIELD>
    </V_VCLSTDEP>
    <V_VCLSTDEP>
     <VCLNAME>ZXXV_PARAMETERS</VCLNAME>
     <OBJECT>ZXXV_PARAM_VALUE</OBJECT>
     <OBJFIELD>APP_ID</OBJFIELD>
     <PREDOBJECT>ZXXV_PARAM_NAMES</PREDOBJECT>
     <PREDFIELD>APP_ID</PREDFIELD>
    </V_VCLSTDEP>
    <V_VCLSTDEP>
     <VCLNAME>ZXXV_PARAMETERS</VCLNAME>
     <OBJECT>ZXXV_PARAM_VALUE</OBJECT>
     <OBJFIELD>PARAM_ID</OBJFIELD>
     <PREDOBJECT>ZXXV_PARAM_NAMES</PREDOBJECT>
     <PREDFIELD>PARAM_ID</PREDFIELD>
    </V_VCLSTDEP>
   </VCLSTRUDEP_TAB>
  </asx:values>
 </asx:abap>
</abapGit>
