﻿<?xml version="1.0" encoding="utf-8"?>
<abapGit version="v1.0.0" serializer="LCL_OBJECT_VIEW" serializer_version="v1.0.0">
 <asx:abap xmlns:asx="http://www.sap.com/abapxml" version="1.0">
  <asx:values>
   <DD25V>
    <VIEWNAME>ZXXV_ENHPT_TCODE</VIEWNAME>
    <AS4LOCAL>A</AS4LOCAL>
    <DDLANGUAGE>E</DDLANGUAGE>
    <AGGTYPE>V</AGGTYPE>
    <ROOTTAB>ZXXT_ENHPT_TCODE</ROOTTAB>
    <DDTEXT>Transaction Code Relation To Ehancement Point View</DDTEXT>
    <VIEWCLASS>C</VIEWCLASS>
    <CUSTOMAUTH>C</CUSTOMAUTH>
    <GLOBALFLAG>X</GLOBALFLAG>
   </DD25V>
   <DD26V_TABLE>
    <DD26V>
     <VIEWNAME>ZXXV_ENHPT_TCODE</VIEWNAME>
     <TABNAME>ZXXT_ENHPT_TCODE</TABNAME>
     <TABPOS>0001</TABPOS>
     <FORTABNAME>ZXXT_ENHPT_TCODE</FORTABNAME>
    </DD26V>
   </DD26V_TABLE>
   <DD27P_TABLE>
    <DD27P>
     <VIEWNAME>ZXXV_ENHPT_TCODE</VIEWNAME>
     <OBJPOS>0001</OBJPOS>
     <DDLANGUAGE>E</DDLANGUAGE>
     <VIEWFIELD>MANDT</VIEWFIELD>
     <TABNAME>ZXXT_ENHPT_TCODE</TABNAME>
     <FIELDNAME>MANDT</FIELDNAME>
     <KEYFLAG>X</KEYFLAG>
     <ROLLNAME>MANDT</ROLLNAME>
     <ROLLNAMEVI>MANDT</ROLLNAMEVI>
    </DD27P>
    <DD27P>
     <VIEWNAME>ZXXV_ENHPT_TCODE</VIEWNAME>
     <OBJPOS>0002</OBJPOS>
     <DDLANGUAGE>E</DDLANGUAGE>
     <VIEWFIELD>ENHPNT_ID</VIEWFIELD>
     <TABNAME>ZXXT_ENHPT_TCODE</TABNAME>
     <FIELDNAME>ENHPNT_ID</FIELDNAME>
     <KEYFLAG>X</KEYFLAG>
     <ROLLNAME>ZDE_ENHPNT_ID</ROLLNAME>
     <ROLLNAMEVI>ZDE_ENHPNT_ID</ROLLNAMEVI>
     <RDONLY>S</RDONLY>
    </DD27P>
    <DD27P>
     <VIEWNAME>ZXXV_ENHPT_TCODE</VIEWNAME>
     <OBJPOS>0003</OBJPOS>
     <DDLANGUAGE>E</DDLANGUAGE>
     <VIEWFIELD>ORG_UNIT</VIEWFIELD>
     <TABNAME>ZXXT_ENHPT_TCODE</TABNAME>
     <FIELDNAME>ORG_UNIT</FIELDNAME>
     <KEYFLAG>X</KEYFLAG>
     <ROLLNAME>ZDE_ORG_UNIT</ROLLNAME>
     <ROLLNAMEVI>ZDE_ORG_UNIT</ROLLNAMEVI>
     <RDONLY>S</RDONLY>
    </DD27P>
    <DD27P>
     <VIEWNAME>ZXXV_ENHPT_TCODE</VIEWNAME>
     <OBJPOS>0004</OBJPOS>
     <DDLANGUAGE>E</DDLANGUAGE>
     <VIEWFIELD>APP_ID</VIEWFIELD>
     <TABNAME>ZXXT_ENHPT_TCODE</TABNAME>
     <FIELDNAME>APP_ID</FIELDNAME>
     <KEYFLAG>X</KEYFLAG>
     <ROLLNAME>ZDE_APPLICATION_ID</ROLLNAME>
     <ROLLNAMEVI>ZDE_APPLICATION_ID</ROLLNAMEVI>
     <RDONLY>S</RDONLY>
     <SHLPORIGIN>D</SHLPORIGIN>
     <SHLPNAME>ZXX_SH_PARAM_APP</SHLPNAME>
     <SHLPFIELD>APP_ID</SHLPFIELD>
    </DD27P>
    <DD27P>
     <VIEWNAME>ZXXV_ENHPT_TCODE</VIEWNAME>
     <OBJPOS>0005</OBJPOS>
     <DDLANGUAGE>E</DDLANGUAGE>
     <VIEWFIELD>TCODE</VIEWFIELD>
     <TABNAME>ZXXT_ENHPT_TCODE</TABNAME>
     <FIELDNAME>TCODE</FIELDNAME>
     <KEYFLAG>X</KEYFLAG>
     <ROLLNAME>TCODE</ROLLNAME>
     <ROLLNAMEVI>TCODE</ROLLNAMEVI>
    </DD27P>
   </DD27P_TABLE>
  </asx:values>
 </asx:abap>
</abapGit>
