﻿<?xml version="1.0" encoding="utf-8"?>
<abapGit version="v1.0.0" serializer="LCL_OBJECT_TOBJ" serializer_version="v1.0.0">
 <asx:abap xmlns:asx="http://www.sap.com/abapxml" version="1.0">
  <asx:values>
   <OBJH>
    <OBJECTNAME>ZXXV_ENHPT_TCODE</OBJECTNAME>
    <OBJECTTYPE>V</OBJECTTYPE>
    <CLIDEP>X</CLIDEP>
    <OBJCATEG>CUST</OBJCATEG>
    <OBJTRANSP>2</OBJTRANSP>
    <IMPORTABLE>3</IMPORTABLE>
   </OBJH>
   <OBJT>
    <LANGUAGE>E</LANGUAGE>
    <OBJECTNAME>ZXXV_ENHPT_TCODE</OBJECTNAME>
    <OBJECTTYPE>V</OBJECTTYPE>
    <DDTEXT>Transaction Code Relation To Ehancement Point View</DDTEXT>
   </OBJT>
   <OBJS>
    <OBJS>
     <OBJECTNAME>ZXXV_ENHPT_TCODE</OBJECTNAME>
     <OBJECTTYPE>V</OBJECTTYPE>
     <TABNAME>ZXXT_ENHPT_TCODE</TABNAME>
     <DDIC>X</DDIC>
     <PRIM_TABLE>X</PRIM_TABLE>
    </OBJS>
   </OBJS>
   <TOBJ>
    <TDDAT>
     <TABNAME>ZXXV_ENHPT_TCODE</TABNAME>
     <CCLASS>&amp;NC&amp;</CCLASS>
    </TDDAT>
    <TVDIR>
     <TABNAME>ZXXV_ENHPT_TCODE</TABNAME>
     <AREA>ZXXV_ENHPT_TCODE</AREA>
     <DEVCLASS>Z_XX_PARAMETERS_CATALOG</DEVCLASS>
     <TYPE>1</TYPE>
     <LISTE>0006</LISTE>
     <GENDATE>2018-01-04</GENDATE>
     <GENTIME>10:12:44</GENTIME>
    </TVDIR>
   </TOBJ>
  </asx:values>
 </asx:abap>
</abapGit>
